<?xml version="1.0" encoding="UTF-8"?>
<project-private xmlns="http://www.netbeans.org/ns/project-private/1">
    <editor-bookmarks xmlns="http://www.netbeans.org/ns/editor-bookmarks/2" lastBookmarkId="0"/>
    <open-files xmlns="http://www.netbeans.org/ns/projectui-open-files/2">
        <group>
            <file>file:/D:/github/BSIT-Things/BSIT-3F(AY%202024-2025)/EVENT%20DRIVEN%20PROGRAMMING/posSample/src/loginFrame.java</file>
            <file>file:/D:/github/BSIT-Things/BSIT-3F(AY%202024-2025)/EVENT%20DRIVEN%20PROGRAMMING/posSample/src/transactionFrame.java</file>
        </group>
    </open-files>
</project-private>
